"","Start"
"1",1999-02-03
"2",1999-02-04
"3",1999-02-05
"4",1999-02-08
"5",1999-02-09
"6",1999-02-10
"7",1999-02-11
"8",1999-02-12
"9",1999-02-16
"10",1999-02-17
"11",1999-02-18
"12",1999-02-19
"13",1999-02-22
"14",1999-02-23
"15",1999-02-24
"16",1999-02-25
"17",1999-02-26
"18",1999-03-01
"19",1999-03-02
"20",1999-03-03
"21",1999-03-04
"22",1999-03-05
"23",1999-03-08
"24",1999-03-09
"25",1999-03-10
"26",1999-03-11
"27",1999-03-12
"28",1999-03-15
"29",1999-03-16
"30",1999-03-17
"31",1999-03-18
"32",1999-03-19
"33",1999-03-22
"34",1999-03-23
"35",1999-03-24
"36",1999-03-25
"37",1999-03-26
"38",1999-03-29
"39",1999-03-30
"40",1999-03-31
"41",1999-04-01
"42",1999-04-05
"43",1999-04-06
"44",1999-04-07
"45",1999-04-08
"46",1999-04-09
"47",1999-04-12
"48",1999-04-13
"49",1999-04-14
"50",1999-04-15
"51",1999-04-16
"52",1999-04-19
"53",1999-04-20
"54",1999-04-21
"55",1999-04-22
"56",1999-04-23
"57",1999-04-26
"58",1999-04-27
"59",1999-04-28
"60",1999-04-29
"61",1999-04-30
"62",1999-05-03
"63",1999-05-04
"64",1999-05-05
"65",1999-05-06
"66",1999-05-07
"67",1999-05-10
"68",1999-05-11
"69",1999-05-12
"70",1999-05-13
"71",1999-05-14
"72",1999-05-17
"73",1999-05-18
"74",1999-05-19
"75",1999-05-20
"76",1999-05-21
"77",1999-05-24
"78",1999-05-25
"79",1999-05-26
"80",1999-05-27
"81",1999-05-28
"82",1999-06-01
"83",1999-06-02
"84",1999-06-03
"85",1999-06-04
"86",1999-06-07
"87",1999-06-08
"88",1999-06-09
"89",1999-06-10
"90",1999-06-11
"91",1999-06-14
"92",1999-06-15
"93",1999-06-16
"94",1999-06-17
"95",1999-06-18
"96",1999-06-21
"97",1999-06-22
"98",1999-06-23
"99",1999-06-24
"100",1999-06-25
"101",1999-06-28
"102",1999-06-29
"103",1999-06-30
"104",1999-07-01
"105",1999-07-02
"106",1999-07-06
"107",1999-07-07
"108",1999-07-08
"109",1999-07-09
"110",1999-07-12
"111",1999-07-13
"112",1999-07-14
"113",1999-07-15
"114",1999-07-16
"115",1999-07-19
"116",1999-07-20
"117",1999-07-21
"118",1999-07-22
"119",1999-07-23
"120",1999-07-26
"121",1999-07-27
"122",1999-07-28
"123",1999-07-29
"124",1999-07-30
"125",1999-08-02
"126",1999-08-03
"127",1999-08-04
"128",1999-08-05
"129",1999-08-06
"130",1999-08-09
"131",1999-08-10
"132",1999-08-11
"133",1999-08-12
"134",1999-08-13
"135",1999-08-16
"136",1999-08-17
"137",1999-08-18
"138",1999-08-19
"139",1999-08-20
"140",1999-08-23
"141",1999-08-24
"142",1999-08-25
"143",1999-08-26
"144",1999-08-27
"145",1999-08-30
"146",1999-08-31
"147",1999-09-01
"148",1999-09-02
"149",1999-09-03
"150",1999-09-07
"151",1999-09-08
"152",1999-09-09
"153",1999-09-10
"154",1999-09-13
"155",1999-09-14
"156",1999-09-15
"157",1999-09-16
"158",1999-09-17
"159",1999-09-20
"160",1999-09-21
"161",1999-09-22
"162",1999-09-23
"163",1999-09-24
"164",1999-09-27
"165",1999-09-28
"166",1999-09-29
"167",1999-09-30
"168",1999-10-01
"169",1999-10-04
"170",1999-10-05
"171",1999-10-06
"172",1999-10-07
"173",1999-10-08
"174",1999-10-11
"175",1999-10-12
"176",1999-10-13
"177",1999-10-14
"178",1999-10-15
"179",1999-10-18
"180",1999-10-19
"181",1999-10-20
"182",1999-10-21
"183",1999-10-22
"184",1999-10-25
"185",1999-10-26
"186",1999-10-27
"187",1999-10-28
"188",1999-10-29
"189",1999-11-01
"190",1999-11-02
"191",1999-11-03
"192",1999-11-04
"193",1999-11-05
"194",1999-11-08
"195",1999-11-09
"196",1999-11-10
"197",1999-11-11
"198",1999-11-12
"199",1999-11-15
"200",1999-11-16
"201",1999-11-17
"202",1999-11-18
"203",1999-11-19
"204",1999-11-22
"205",1999-11-23
"206",1999-11-24
"207",1999-11-26
"208",1999-11-29
"209",1999-11-30
"210",1999-12-01
"211",1999-12-02
"212",1999-12-03
"213",1999-12-06
"214",1999-12-07
"215",1999-12-08
"216",1999-12-09
"217",1999-12-10
"218",1999-12-13
"219",1999-12-14
"220",1999-12-15
"221",1999-12-16
"222",1999-12-17
"223",1999-12-20
"224",1999-12-21
"225",1999-12-22
"226",1999-12-23
"227",1999-12-27
"228",1999-12-28
"229",1999-12-29
"230",1999-12-30
"231",1999-12-31
"232",2000-01-03
"233",2000-01-04
"234",2000-01-05
"235",2000-01-06
"236",2000-01-07
"237",2000-01-10
"238",2000-01-11
"239",2000-01-12
"240",2000-01-13
"241",2000-01-14
"242",2000-01-18
"243",2000-01-19
"244",2000-01-20
"245",2000-01-21
"246",2000-01-24
"247",2000-01-25
"248",2000-01-26
"249",2000-01-27
"250",2000-01-28
"251",2000-01-31
"252",2000-02-01
"253",2000-02-02
"254",2000-02-03
"255",2000-02-04
"256",2000-02-07
"257",2000-02-08
"258",2000-02-09
"259",2000-02-10
"260",2000-02-11
"261",2000-02-14
"262",2000-02-15
"263",2000-02-16
"264",2000-02-17
"265",2000-02-18
"266",2000-02-22
"267",2000-02-23
"268",2000-02-24
"269",2000-02-25
"270",2000-02-28
"271",2000-02-29
"272",2000-03-01
"273",2000-03-02
"274",2000-03-03
"275",2000-03-06
"276",2000-03-07
"277",2000-03-08
"278",2000-03-09
"279",2000-03-10
"280",2000-03-13
"281",2000-03-14
"282",2000-03-15
"283",2000-03-16
"284",2000-03-17
"285",2000-03-20
"286",2000-03-21
"287",2000-03-22
"288",2000-03-23
"289",2000-03-24
"290",2000-03-27
"291",2000-03-28
"292",2000-03-29
"293",2000-03-30
"294",2000-03-31
"295",2000-04-03
"296",2000-04-04
"297",2000-04-05
"298",2000-04-06
"299",2000-04-07
"300",2000-04-10
"301",2000-04-11
"302",2000-04-12
"303",2000-04-13
"304",2000-04-14
"305",2000-04-17
"306",2000-04-18
"307",2000-04-19
"308",2000-04-20
"309",2000-04-24
"310",2000-04-25
"311",2000-04-26
"312",2000-04-27
"313",2000-04-28
"314",2000-05-01
"315",2000-05-02
"316",2000-05-03
"317",2000-05-04
"318",2000-05-05
"319",2000-05-08
"320",2000-05-09
"321",2000-05-10
"322",2000-05-11
"323",2000-05-12
"324",2000-05-15
"325",2000-05-16
"326",2000-05-17
"327",2000-05-18
"328",2000-05-19
"329",2000-05-22
"330",2000-05-23
"331",2000-05-24
"332",2000-05-25
"333",2000-05-26
"334",2000-05-30
"335",2000-05-31
"336",2000-06-01
"337",2000-06-02
"338",2000-06-05
"339",2000-06-06
"340",2000-06-07
"341",2000-06-08
"342",2000-06-09
"343",2000-06-12
"344",2000-06-13
"345",2000-06-14
"346",2000-06-15
"347",2000-06-16
"348",2000-06-19
"349",2000-06-20
"350",2000-06-21
"351",2000-06-22
"352",2000-06-23
"353",2000-06-26
"354",2000-06-27
"355",2000-06-28
"356",2000-06-29
"357",2000-06-30
"358",2000-07-03
"359",2000-07-05
"360",2000-07-06
"361",2000-07-07
"362",2000-07-10
"363",2000-07-11
"364",2000-07-12
"365",2000-07-13
"366",2000-07-14
"367",2000-07-17
"368",2000-07-18
"369",2000-07-19
"370",2000-07-20
"371",2000-07-21
"372",2000-07-24
"373",2000-07-25
"374",2000-07-26
"375",2000-07-27
"376",2000-07-28
"377",2000-07-31
"378",2000-08-01
"379",2000-08-02
"380",2000-08-03
"381",2000-08-04
"382",2000-08-07
"383",2000-08-08
"384",2000-08-09
"385",2000-08-10
"386",2000-08-11
"387",2000-08-14
"388",2000-08-15
"389",2000-08-16
"390",2000-08-17
"391",2000-08-18
"392",2000-08-21
"393",2000-08-22
"394",2000-08-23
"395",2000-08-24
"396",2000-08-25
"397",2000-08-28
"398",2000-08-29
"399",2000-08-30
"400",2000-08-31
"401",2000-09-01
"402",2000-09-05
"403",2000-09-06
"404",2000-09-07
"405",2000-09-08
"406",2000-09-11
"407",2000-09-12
"408",2000-09-13
"409",2000-09-14
"410",2000-09-15
"411",2000-09-18
"412",2000-09-19
"413",2000-09-20
"414",2000-09-21
"415",2000-09-22
"416",2000-09-25
"417",2000-09-26
"418",2000-09-27
"419",2000-09-28
"420",2000-09-29
"421",2000-10-02
"422",2000-10-03
"423",2000-10-04
"424",2000-10-05
"425",2000-10-06
"426",2000-10-09
"427",2000-10-10
"428",2000-10-11
"429",2000-10-12
"430",2000-10-13
"431",2000-10-16
"432",2000-10-17
"433",2000-10-18
"434",2000-10-19
"435",2000-10-20
"436",2000-10-23
"437",2000-10-24
"438",2000-10-25
"439",2000-10-26
"440",2000-10-27
"441",2000-10-30
"442",2000-10-31
"443",2000-11-01
"444",2000-11-02
"445",2000-11-03
"446",2000-11-06
"447",2000-11-07
"448",2000-11-08
"449",2000-11-09
"450",2000-11-10
"451",2000-11-13
"452",2000-11-14
"453",2000-11-15
"454",2000-11-16
"455",2000-11-17
"456",2000-11-20
"457",2000-11-21
"458",2000-11-22
"459",2000-11-24
"460",2000-11-27
"461",2000-11-28
"462",2000-11-29
"463",2000-11-30
"464",2000-12-01
"465",2000-12-04
"466",2000-12-05
"467",2000-12-06
"468",2000-12-07
"469",2000-12-08
"470",2000-12-11
"471",2000-12-12
"472",2000-12-13
"473",2000-12-14
"474",2000-12-15
"475",2000-12-18
"476",2000-12-19
"477",2000-12-20
"478",2000-12-21
"479",2000-12-22
"480",2000-12-26
"481",2000-12-27
"482",2000-12-28
"483",2000-12-29
"484",2001-01-02
"485",2001-01-03
"486",2001-01-04
"487",2001-01-05
"488",2001-01-08
"489",2001-01-09
"490",2001-01-10
"491",2001-01-11
"492",2001-01-12
"493",2001-01-16
"494",2001-01-17
"495",2001-01-18
"496",2001-01-19
"497",2001-01-22
"498",2001-01-23
"499",2001-01-24
"500",2001-01-25
"501",2001-01-26
"502",2001-01-29
"503",2001-01-30
"504",2001-01-31
"505",2001-02-01
"506",2001-02-02
"507",2001-02-05
"508",2001-02-06
"509",2001-02-07
"510",2001-02-08
"511",2001-02-09
"512",2001-02-12
"513",2001-02-13
"514",2001-02-14
"515",2001-02-15
"516",2001-02-16
"517",2001-02-20
"518",2001-02-21
"519",2001-02-22
"520",2001-02-23
"521",2001-02-26
"522",2001-02-27
"523",2001-02-28
"524",2001-03-01
"525",2001-03-02
"526",2001-03-05
"527",2001-03-06
"528",2001-03-07
"529",2001-03-08
"530",2001-03-09
"531",2001-03-12
"532",2001-03-13
"533",2001-03-14
"534",2001-03-15
"535",2001-03-16
"536",2001-03-19
"537",2001-03-20
"538",2001-03-21
"539",2001-03-22
"540",2001-03-23
"541",2001-03-26
"542",2001-03-27
"543",2001-03-28
"544",2001-03-29
"545",2001-03-30
"546",2001-04-02
"547",2001-04-03
"548",2001-04-04
"549",2001-04-05
"550",2001-04-06
"551",2001-04-09
"552",2001-04-10
"553",2001-04-11
"554",2001-04-12
"555",2001-04-16
"556",2001-04-17
"557",2001-04-18
"558",2001-04-19
"559",2001-04-20
"560",2001-04-23
"561",2001-04-24
"562",2001-04-25
"563",2001-04-26
"564",2001-04-27
"565",2001-04-30
"566",2001-05-01
"567",2001-05-02
"568",2001-05-03
"569",2001-05-04
"570",2001-05-07
"571",2001-05-08
"572",2001-05-09
"573",2001-05-10
"574",2001-05-11
"575",2001-05-14
"576",2001-05-15
"577",2001-05-16
"578",2001-05-17
"579",2001-05-18
"580",2001-05-21
"581",2001-05-22
"582",2001-05-23
"583",2001-05-24
"584",2001-05-25
"585",2001-05-29
"586",2001-05-30
"587",2001-05-31
"588",2001-06-01
"589",2001-06-04
"590",2001-06-05
"591",2001-06-06
"592",2001-06-07
"593",2001-06-08
"594",2001-06-11
"595",2001-06-12
"596",2001-06-13
"597",2001-06-14
"598",2001-06-15
"599",2001-06-18
"600",2001-06-19
"601",2001-06-20
"602",2001-06-21
"603",2001-06-22
"604",2001-06-25
"605",2001-06-26
"606",2001-06-27
"607",2001-06-28
"608",2001-06-29
"609",2001-07-02
"610",2001-07-03
"611",2001-07-05
"612",2001-07-06
"613",2001-07-09
"614",2001-07-10
"615",2001-07-11
"616",2001-07-12
"617",2001-07-13
"618",2001-07-16
"619",2001-07-17
"620",2001-07-18
"621",2001-07-19
"622",2001-07-20
"623",2001-07-23
"624",2001-07-24
"625",2001-07-25
"626",2001-07-26
"627",2001-07-27
"628",2001-07-30
"629",2001-07-31
"630",2001-08-01
"631",2001-08-02
"632",2001-08-03
"633",2001-08-06
"634",2001-08-07
"635",2001-08-08
"636",2001-08-09
"637",2001-08-10
"638",2001-08-13
"639",2001-08-14
"640",2001-08-15
"641",2001-08-16
"642",2001-08-17
"643",2001-08-20
"644",2001-08-21
"645",2001-08-22
"646",2001-08-23
"647",2001-08-24
"648",2001-08-27
"649",2001-08-28
"650",2001-08-29
"651",2001-08-30
"652",2001-08-31
"653",2001-09-04
"654",2001-09-05
"655",2001-09-06
"656",2001-09-07
"657",2001-09-10
"658",2001-09-17
"659",2001-09-18
"660",2001-09-19
"661",2001-09-20
"662",2001-09-21
"663",2001-09-24
"664",2001-09-25
"665",2001-09-26
"666",2001-09-27
"667",2001-09-28
"668",2001-10-01
"669",2001-10-02
"670",2001-10-03
"671",2001-10-04
"672",2001-10-05
"673",2001-10-08
"674",2001-10-09
"675",2001-10-10
"676",2001-10-11
"677",2001-10-12
"678",2001-10-15
"679",2001-10-16
"680",2001-10-17
"681",2001-10-18
"682",2001-10-19
"683",2001-10-22
"684",2001-10-23
"685",2001-10-24
"686",2001-10-25
"687",2001-10-26
"688",2001-10-29
"689",2001-10-30
"690",2001-10-31
"691",2001-11-01
"692",2001-11-02
"693",2001-11-05
"694",2001-11-06
"695",2001-11-07
"696",2001-11-08
"697",2001-11-09
"698",2001-11-12
"699",2001-11-13
"700",2001-11-14
"701",2001-11-15
"702",2001-11-16
"703",2001-11-19
"704",2001-11-20
"705",2001-11-21
"706",2001-11-23
"707",2001-11-26
"708",2001-11-27
"709",2001-11-28
"710",2001-11-29
"711",2001-11-30
"712",2001-12-03
"713",2001-12-04
"714",2001-12-05
"715",2001-12-06
"716",2001-12-07
"717",2001-12-10
"718",2001-12-11
"719",2001-12-12
"720",2001-12-13
"721",2001-12-14
"722",2001-12-17
"723",2001-12-18
"724",2001-12-19
"725",2001-12-20
"726",2001-12-21
"727",2001-12-24
"728",2001-12-26
"729",2001-12-27
"730",2001-12-28
"731",2001-12-31
"732",2002-01-02
"733",2002-01-03
"734",2002-01-04
"735",2002-01-07
"736",2002-01-08
"737",2002-01-09
"738",2002-01-10
"739",2002-01-11
"740",2002-01-14
"741",2002-01-15
"742",2002-01-16
"743",2002-01-17
"744",2002-01-18
"745",2002-01-22
"746",2002-01-23
"747",2002-01-24
"748",2002-01-25
"749",2002-01-28
"750",2002-01-29
"751",2002-01-30
"752",2002-01-31
"753",2002-02-01
"754",2002-02-04
"755",2002-02-05
"756",2002-02-06
"757",2002-02-07
"758",2002-02-08
"759",2002-02-11
"760",2002-02-12
"761",2002-02-13
"762",2002-02-14
"763",2002-02-15
"764",2002-02-19
"765",2002-02-20
"766",2002-02-21
"767",2002-02-22
"768",2002-02-25
"769",2002-02-26
"770",2002-02-27
"771",2002-02-28
"772",2002-03-01
"773",2002-03-04
"774",2002-03-05
"775",2002-03-06
"776",2002-03-07
"777",2002-03-08
"778",2002-03-11
"779",2002-03-12
"780",2002-03-13
"781",2002-03-14
"782",2002-03-15
"783",2002-03-18
"784",2002-03-19
"785",2002-03-20
"786",2002-03-21
"787",2002-03-22
"788",2002-03-25
"789",2002-03-26
"790",2002-03-27
"791",2002-03-28
"792",2002-04-01
"793",2002-04-02
"794",2002-04-03
"795",2002-04-04
"796",2002-04-05
"797",2002-04-08
"798",2002-04-09
"799",2002-04-10
"800",2002-04-11
"801",2002-04-12
"802",2002-04-15
"803",2002-04-16
"804",2002-04-17
"805",2002-04-18
"806",2002-04-19
"807",2002-04-22
"808",2002-04-23
"809",2002-04-24
"810",2002-04-25
"811",2002-04-26
"812",2002-04-29
"813",2002-04-30
"814",2002-05-01
"815",2002-05-02
"816",2002-05-03
"817",2002-05-06
"818",2002-05-07
"819",2002-05-08
"820",2002-05-09
"821",2002-05-10
"822",2002-05-13
"823",2002-05-14
"824",2002-05-15
"825",2002-05-16
"826",2002-05-17
"827",2002-05-20
"828",2002-05-21
"829",2002-05-22
"830",2002-05-23
"831",2002-05-24
"832",2002-05-28
"833",2002-05-29
"834",2002-05-30
"835",2002-05-31
"836",2002-06-03
"837",2002-06-04
"838",2002-06-05
"839",2002-06-06
"840",2002-06-07
"841",2002-06-10
"842",2002-06-11
"843",2002-06-12
"844",2002-06-13
"845",2002-06-14
"846",2002-06-17
"847",2002-06-18
"848",2002-06-19
"849",2002-06-20
"850",2002-06-21
"851",2002-06-24
"852",2002-06-25
"853",2002-06-26
"854",2002-06-27
"855",2002-06-28
"856",2002-07-01
"857",2002-07-02
"858",2002-07-03
"859",2002-07-05
"860",2002-07-08
"861",2002-07-09
"862",2002-07-10
"863",2002-07-11
"864",2002-07-12
"865",2002-07-15
"866",2002-07-16
"867",2002-07-17
"868",2002-07-18
"869",2002-07-19
"870",2002-07-22
"871",2002-07-23
"872",2002-07-24
"873",2002-07-25
"874",2002-07-26
"875",2002-07-29
"876",2002-07-30
"877",2002-07-31
"878",2002-08-01
"879",2002-08-02
"880",2002-08-05
"881",2002-08-06
"882",2002-08-07
"883",2002-08-08
"884",2002-08-09
"885",2002-08-12
"886",2002-08-13
"887",2002-08-14
"888",2002-08-15
"889",2002-08-16
"890",2002-08-19
"891",2002-08-20
"892",2002-08-21
"893",2002-08-22
"894",2002-08-23
"895",2002-08-26
"896",2002-08-27
"897",2002-08-28
"898",2002-08-29
"899",2002-08-30
"900",2002-09-03
"901",2002-09-04
"902",2002-09-05
"903",2002-09-06
"904",2002-09-09
"905",2002-09-10
"906",2002-09-11
"907",2002-09-12
"908",2002-09-13
"909",2002-09-16
"910",2002-09-17
"911",2002-09-18
"912",2002-09-19
"913",2002-09-20
"914",2002-09-23
"915",2002-09-24
"916",2002-09-25
"917",2002-09-26
"918",2002-09-27
"919",2002-09-30
"920",2002-10-01
"921",2002-10-02
"922",2002-10-03
"923",2002-10-04
"924",2002-10-07
"925",2002-10-08
"926",2002-10-09
"927",2002-10-10
"928",2002-10-11
"929",2002-10-14
"930",2002-10-15
"931",2002-10-16
"932",2002-10-17
"933",2002-10-18
"934",2002-10-21
"935",2002-10-22
"936",2002-10-23
"937",2002-10-24
"938",2002-10-25
"939",2002-10-28
"940",2002-10-29
"941",2002-10-30
"942",2002-10-31
"943",2002-11-01
"944",2002-11-04
"945",2002-11-05
"946",2002-11-06
"947",2002-11-07
"948",2002-11-08
"949",2002-11-11
"950",2002-11-12
"951",2002-11-13
"952",2002-11-14
"953",2002-11-15
"954",2002-11-18
"955",2002-11-19
"956",2002-11-20
"957",2002-11-21
"958",2002-11-22
"959",2002-11-25
"960",2002-11-26
"961",2002-11-27
"962",2002-11-29
"963",2002-12-02
"964",2002-12-03
"965",2002-12-04
"966",2002-12-05
"967",2002-12-06
"968",2002-12-09
"969",2002-12-10
"970",2002-12-11
"971",2002-12-12
"972",2002-12-13
"973",2002-12-16
"974",2002-12-17
"975",2002-12-18
"976",2002-12-19
"977",2002-12-20
"978",2002-12-23
"979",2002-12-24
"980",2002-12-26
"981",2002-12-27
"982",2002-12-30
"983",2002-12-31
"984",2003-01-02
"985",2003-01-03
"986",2003-01-06
"987",2003-01-07
"988",2003-01-08
"989",2003-01-09
"990",2003-01-10
"991",2003-01-13
"992",2003-01-14
"993",2003-01-15
"994",2003-01-16
"995",2003-01-17
"996",2003-01-21
"997",2003-01-22
"998",2003-01-23
"999",2003-01-24
"1000",2003-01-27
"1001",2003-01-28
"1002",2003-01-29
"1003",2003-01-30
"1004",2003-01-31
"1005",2003-02-03
"1006",2003-02-04
"1007",2003-02-05
"1008",2003-02-06
"1009",2003-02-07
"1010",2003-02-10
"1011",2003-02-11
"1012",2003-02-12
"1013",2003-02-13
"1014",2003-02-14
"1015",2003-02-18
"1016",2003-02-19
"1017",2003-02-20
"1018",2003-02-21
"1019",2003-02-24
"1020",2003-02-25
"1021",2003-02-26
"1022",2003-02-27
"1023",2003-02-28
"1024",2003-03-03
"1025",2003-03-04
"1026",2003-03-05
"1027",2003-03-06
"1028",2003-03-07
"1029",2003-03-10
"1030",2003-03-11
"1031",2003-03-12
"1032",2003-03-13
"1033",2003-03-14
"1034",2003-03-17
"1035",2003-03-18
"1036",2003-03-19
"1037",2003-03-20
"1038",2003-03-21
"1039",2003-03-24
"1040",2003-03-25
"1041",2003-03-26
"1042",2003-03-27
"1043",2003-03-28
"1044",2003-03-31
"1045",2003-04-01
"1046",2003-04-02
"1047",2003-04-03
"1048",2003-04-04
"1049",2003-04-07
"1050",2003-04-08
"1051",2003-04-09
"1052",2003-04-10
"1053",2003-04-11
"1054",2003-04-14
"1055",2003-04-15
"1056",2003-04-16
"1057",2003-04-17
"1058",2003-04-21
"1059",2003-04-22
"1060",2003-04-23
"1061",2003-04-24
"1062",2003-04-25
"1063",2003-04-28
"1064",2003-04-29
"1065",2003-04-30
"1066",2003-05-01
"1067",2003-05-02
"1068",2003-05-05
"1069",2003-05-06
"1070",2003-05-07
"1071",2003-05-08
"1072",2003-05-09
"1073",2003-05-12
"1074",2003-05-13
"1075",2003-05-14
"1076",2003-05-15
"1077",2003-05-16
"1078",2003-05-19
"1079",2003-05-20
"1080",2003-05-21
"1081",2003-05-22
"1082",2003-05-23
"1083",2003-05-27
"1084",2003-05-28
"1085",2003-05-29
"1086",2003-05-30
"1087",2003-06-02
"1088",2003-06-03
"1089",2003-06-04
"1090",2003-06-05
"1091",2003-06-06
"1092",2003-06-09
"1093",2003-06-10
"1094",2003-06-11
"1095",2003-06-12
"1096",2003-06-13
"1097",2003-06-16
"1098",2003-06-17
"1099",2003-06-18
"1100",2003-06-19
"1101",2003-06-20
"1102",2003-06-23
"1103",2003-06-24
"1104",2003-06-25
"1105",2003-06-26
"1106",2003-06-27
"1107",2003-06-30
"1108",2003-07-01
"1109",2003-07-02
"1110",2003-07-03
"1111",2003-07-07
"1112",2003-07-08
"1113",2003-07-09
"1114",2003-07-10
"1115",2003-07-11
"1116",2003-07-14
"1117",2003-07-15
"1118",2003-07-16
"1119",2003-07-17
"1120",2003-07-18
"1121",2003-07-21
"1122",2003-07-22
"1123",2003-07-23
"1124",2003-07-24
"1125",2003-07-25
"1126",2003-07-28
"1127",2003-07-29
"1128",2003-07-30
"1129",2003-07-31
"1130",2003-08-01
"1131",2003-08-04
"1132",2003-08-05
"1133",2003-08-06
"1134",2003-08-07
"1135",2003-08-08
"1136",2003-08-11
"1137",2003-08-12
"1138",2003-08-13
"1139",2003-08-14
"1140",2003-08-15
"1141",2003-08-18
"1142",2003-08-19
"1143",2003-08-20
"1144",2003-08-21
"1145",2003-08-22
"1146",2003-08-25
"1147",2003-08-26
"1148",2003-08-27
"1149",2003-08-28
"1150",2003-08-29
"1151",2003-09-02
"1152",2003-09-03
"1153",2003-09-04
"1154",2003-09-05
"1155",2003-09-08
"1156",2003-09-09
"1157",2003-09-10
"1158",2003-09-11
"1159",2003-09-12
"1160",2003-09-15
"1161",2003-09-16
"1162",2003-09-17
"1163",2003-09-18
"1164",2003-09-19
"1165",2003-09-22
"1166",2003-09-23
"1167",2003-09-24
"1168",2003-09-25
"1169",2003-09-26
"1170",2003-09-29
"1171",2003-09-30
"1172",2003-10-01
"1173",2003-10-02
"1174",2003-10-03
"1175",2003-10-06
"1176",2003-10-07
"1177",2003-10-08
"1178",2003-10-09
"1179",2003-10-10
"1180",2003-10-13
"1181",2003-10-14
"1182",2003-10-15
"1183",2003-10-16
"1184",2003-10-17
"1185",2003-10-20
"1186",2003-10-21
"1187",2003-10-22
"1188",2003-10-23
"1189",2003-10-24
"1190",2003-10-27
"1191",2003-10-28
"1192",2003-10-29
"1193",2003-10-30
"1194",2003-10-31
"1195",2003-11-03
"1196",2003-11-04
"1197",2003-11-05
"1198",2003-11-06
"1199",2003-11-07
"1200",2003-11-10
"1201",2003-11-11
"1202",2003-11-12
"1203",2003-11-13
"1204",2003-11-14
"1205",2003-11-17
"1206",2003-11-18
"1207",2003-11-19
"1208",2003-11-20
"1209",2003-11-21
"1210",2003-11-24
"1211",2003-11-25
"1212",2003-11-26
"1213",2003-11-28
"1214",2003-12-01
"1215",2003-12-02
"1216",2003-12-03
"1217",2003-12-04
"1218",2003-12-05
"1219",2003-12-08
"1220",2003-12-09
"1221",2003-12-10
"1222",2003-12-11
"1223",2003-12-12
"1224",2003-12-15
"1225",2003-12-16
"1226",2003-12-17
"1227",2003-12-18
"1228",2003-12-19
"1229",2003-12-22
"1230",2003-12-23
"1231",2003-12-24
"1232",2003-12-26
"1233",2003-12-29
"1234",2003-12-30
"1235",2003-12-31
"1236",2004-01-02
"1237",2004-01-05
"1238",2004-01-06
"1239",2004-01-07
"1240",2004-01-08
"1241",2004-01-09
"1242",2004-01-12
"1243",2004-01-13
"1244",2004-01-14
"1245",2004-01-15
"1246",2004-01-16
"1247",2004-01-20
"1248",2004-01-21
"1249",2004-01-22
"1250",2004-01-23
"1251",2004-01-26
"1252",2004-01-27
"1253",2004-01-28
"1254",2004-01-29
"1255",2004-01-30
"1256",2004-02-02
"1257",2004-02-03
"1258",2004-02-04
"1259",2004-02-05
"1260",2004-02-06
"1261",2004-02-09
"1262",2004-02-10
"1263",2004-02-11
"1264",2004-02-12
"1265",2004-02-13
"1266",2004-02-17
"1267",2004-02-18
"1268",2004-02-19
"1269",2004-02-20
"1270",2004-02-23
"1271",2004-02-24
"1272",2004-02-25
"1273",2004-02-26
"1274",2004-02-27
"1275",2004-03-01
"1276",2004-03-02
"1277",2004-03-03
"1278",2004-03-04
"1279",2004-03-05
"1280",2004-03-08
"1281",2004-03-09
"1282",2004-03-10
"1283",2004-03-11
"1284",2004-03-12
"1285",2004-03-15
"1286",2004-03-16
"1287",2004-03-17
"1288",2004-03-18
"1289",2004-03-19
"1290",2004-03-22
"1291",2004-03-23
"1292",2004-03-24
"1293",2004-03-25
"1294",2004-03-26
"1295",2004-03-29
"1296",2004-03-30
"1297",2004-03-31
"1298",2004-04-01
"1299",2004-04-02
"1300",2004-04-05
"1301",2004-04-06
"1302",2004-04-07
"1303",2004-04-08
"1304",2004-04-12
"1305",2004-04-13
"1306",2004-04-14
"1307",2004-04-15
"1308",2004-04-16
"1309",2004-04-19
"1310",2004-04-20
"1311",2004-04-21
"1312",2004-04-22
"1313",2004-04-23
"1314",2004-04-26
"1315",2004-04-27
"1316",2004-04-28
"1317",2004-04-29
"1318",2004-04-30
"1319",2004-05-03
"1320",2004-05-04
"1321",2004-05-05
"1322",2004-05-06
"1323",2004-05-07
"1324",2004-05-10
"1325",2004-05-11
"1326",2004-05-12
"1327",2004-05-13
"1328",2004-05-14
"1329",2004-05-17
"1330",2004-05-18
"1331",2004-05-19
"1332",2004-05-20
"1333",2004-05-21
"1334",2004-05-24
"1335",2004-05-25
"1336",2004-05-26
"1337",2004-05-27
"1338",2004-05-28
"1339",2004-06-01
"1340",2004-06-02
"1341",2004-06-03
"1342",2004-06-04
"1343",2004-06-07
"1344",2004-06-08
"1345",2004-06-09
"1346",2004-06-10
"1347",2004-06-14
"1348",2004-06-15
"1349",2004-06-16
"1350",2004-06-17
"1351",2004-06-18
"1352",2004-06-21
"1353",2004-06-22
"1354",2004-06-23
"1355",2004-06-24
"1356",2004-06-25
"1357",2004-06-28
"1358",2004-06-29
"1359",2004-06-30
"1360",2004-07-01
"1361",2004-07-02
"1362",2004-07-06
"1363",2004-07-07
"1364",2004-07-08
"1365",2004-07-09
"1366",2004-07-12
"1367",2004-07-13
"1368",2004-07-14
"1369",2004-07-15
"1370",2004-07-16
"1371",2004-07-19
"1372",2004-07-20
"1373",2004-07-21
"1374",2004-07-22
"1375",2004-07-23
"1376",2004-07-26
"1377",2004-07-27
"1378",2004-07-28
"1379",2004-07-29
"1380",2004-07-30
"1381",2004-08-02
"1382",2004-08-03
"1383",2004-08-04
"1384",2004-08-05
"1385",2004-08-06
"1386",2004-08-09
"1387",2004-08-10
"1388",2004-08-11
"1389",2004-08-12
"1390",2004-08-13
"1391",2004-08-16
"1392",2004-08-17
"1393",2004-08-18
"1394",2004-08-19
"1395",2004-08-20
"1396",2004-08-23
"1397",2004-08-24
"1398",2004-08-25
"1399",2004-08-26
"1400",2004-08-27
"1401",2004-08-30
"1402",2004-08-31
"1403",2004-09-01
"1404",2004-09-02
"1405",2004-09-03
"1406",2004-09-07
"1407",2004-09-08
"1408",2004-09-09
"1409",2004-09-10
"1410",2004-09-13
"1411",2004-09-14
"1412",2004-09-15
"1413",2004-09-16
"1414",2004-09-17
"1415",2004-09-20
"1416",2004-09-21
"1417",2004-09-22
"1418",2004-09-23
"1419",2004-09-24
"1420",2004-09-27
"1421",2004-09-28
"1422",2004-09-29
"1423",2004-09-30
"1424",2004-10-01
"1425",2004-10-04
"1426",2004-10-05
"1427",2004-10-06
"1428",2004-10-07
"1429",2004-10-08
"1430",2004-10-11
"1431",2004-10-12
"1432",2004-10-13
"1433",2004-10-14
"1434",2004-10-15
"1435",2004-10-18
"1436",2004-10-19
"1437",2004-10-20
"1438",2004-10-21
"1439",2004-10-22
"1440",2004-10-25
"1441",2004-10-26
"1442",2004-10-27
"1443",2004-10-28
"1444",2004-10-29
"1445",2004-11-01
"1446",2004-11-02
"1447",2004-11-03
"1448",2004-11-04
"1449",2004-11-05
"1450",2004-11-08
"1451",2004-11-09
"1452",2004-11-10
"1453",2004-11-11
"1454",2004-11-12
"1455",2004-11-15
"1456",2004-11-16
"1457",2004-11-17
"1458",2004-11-18
"1459",2004-11-19
"1460",2004-11-22
"1461",2004-11-23
"1462",2004-11-24
"1463",2004-11-26
"1464",2004-11-29
"1465",2004-11-30
"1466",2004-12-01
"1467",2004-12-02
"1468",2004-12-03
"1469",2004-12-06
"1470",2004-12-07
"1471",2004-12-08
"1472",2004-12-09
"1473",2004-12-10
"1474",2004-12-13
"1475",2004-12-14
"1476",2004-12-15
"1477",2004-12-16
"1478",2004-12-17
"1479",2004-12-20
"1480",2004-12-21
"1481",2004-12-22
"1482",2004-12-23
"1483",2004-12-27
"1484",2004-12-28
"1485",2004-12-29
"1486",2004-12-30
"1487",2004-12-31
"1488",2005-01-03
"1489",2005-01-04
"1490",2005-01-05
"1491",2005-01-06
"1492",2005-01-07
"1493",2005-01-10
"1494",2005-01-11
"1495",2005-01-12
"1496",2005-01-13
"1497",2005-01-14
"1498",2005-01-18
"1499",2005-01-19
"1500",2005-01-20
"1501",2005-01-21
"1502",2005-01-24
"1503",2005-01-25
"1504",2005-01-26
"1505",2005-01-27
"1506",2005-01-28
"1507",2005-01-31
"1508",2005-02-01
"1509",2005-02-02
"1510",2005-02-03
"1511",2005-02-04
"1512",2005-02-07
"1513",2005-02-08
"1514",2005-02-09
"1515",2005-02-10
"1516",2005-02-11
"1517",2005-02-14
"1518",2005-02-15
"1519",2005-02-16
"1520",2005-02-17
"1521",2005-02-18
"1522",2005-02-22
"1523",2005-02-23
"1524",2005-02-24
"1525",2005-02-25
"1526",2005-02-28
"1527",2005-03-01
"1528",2005-03-02
"1529",2005-03-03
"1530",2005-03-04
"1531",2005-03-07
"1532",2005-03-08
"1533",2005-03-09
"1534",2005-03-10
"1535",2005-03-11
"1536",2005-03-14
"1537",2005-03-15
"1538",2005-03-16
"1539",2005-03-17
"1540",2005-03-18
"1541",2005-03-21
"1542",2005-03-22
"1543",2005-03-23
"1544",2005-03-24
"1545",2005-03-28
"1546",2005-03-29
"1547",2005-03-30
"1548",2005-03-31
"1549",2005-04-01
"1550",2005-04-04
"1551",2005-04-05
"1552",2005-04-06
"1553",2005-04-07
"1554",2005-04-08
"1555",2005-04-11
"1556",2005-04-12
"1557",2005-04-13
"1558",2005-04-14
"1559",2005-04-15
"1560",2005-04-18
"1561",2005-04-19
"1562",2005-04-20
"1563",2005-04-21
"1564",2005-04-22
"1565",2005-04-25
"1566",2005-04-26
"1567",2005-04-27
"1568",2005-04-28
"1569",2005-04-29
"1570",2005-05-02
"1571",2005-05-03
"1572",2005-05-04
"1573",2005-05-05
"1574",2005-05-06
"1575",2005-05-09
"1576",2005-05-10
"1577",2005-05-11
"1578",2005-05-12
"1579",2005-05-13
"1580",2005-05-16
"1581",2005-05-17
"1582",2005-05-18
"1583",2005-05-19
"1584",2005-05-20
"1585",2005-05-23
"1586",2005-05-24
"1587",2005-05-25
"1588",2005-05-26
"1589",2005-05-27
"1590",2005-05-31
"1591",2005-06-01
"1592",2005-06-02
"1593",2005-06-03
"1594",2005-06-06
"1595",2005-06-07
"1596",2005-06-08
"1597",2005-06-09
"1598",2005-06-10
"1599",2005-06-13
"1600",2005-06-14
"1601",2005-06-15
"1602",2005-06-16
"1603",2005-06-17
"1604",2005-06-20
"1605",2005-06-21
"1606",2005-06-22
"1607",2005-06-23
"1608",2005-06-24
"1609",2005-06-27
"1610",2005-06-28
"1611",2005-06-29
"1612",2005-06-30
"1613",2005-07-01
"1614",2005-07-05
"1615",2005-07-06
"1616",2005-07-07
"1617",2005-07-08
"1618",2005-07-11
"1619",2005-07-12
"1620",2005-07-13
"1621",2005-07-14
"1622",2005-07-15
"1623",2005-07-18
"1624",2005-07-19
"1625",2005-07-20
"1626",2005-07-21
"1627",2005-07-22
"1628",2005-07-25
"1629",2005-07-26
"1630",2005-07-27
"1631",2005-07-28
"1632",2005-07-29
"1633",2005-08-01
"1634",2005-08-02
"1635",2005-08-04
"1636",2005-08-05
"1637",2005-08-08
"1638",2005-08-09
"1639",2005-08-10
"1640",2005-08-11
"1641",2005-08-12
"1642",2005-08-15
"1643",2005-08-16
"1644",2005-08-17
"1645",2005-08-18
"1646",2005-08-19
"1647",2005-08-22
"1648",2005-08-23
"1649",2005-08-24
"1650",2005-08-25
"1651",2005-08-26
"1652",2005-08-29
"1653",2005-08-30
"1654",2005-08-31
"1655",2005-09-01
"1656",2005-09-02
"1657",2005-09-06
"1658",2005-09-07
"1659",2005-09-08
"1660",2005-09-09
"1661",2005-09-12
"1662",2005-09-13
"1663",2005-09-14
"1664",2005-09-15
"1665",2005-09-16
"1666",2005-09-19
"1667",2005-09-20
"1668",2005-09-21
"1669",2005-09-22
"1670",2005-09-23
"1671",2005-09-26
"1672",2005-09-27
"1673",2005-09-28
"1674",2005-09-29
"1675",2005-09-30
"1676",2005-10-03
"1677",2005-10-04
"1678",2005-10-05
"1679",2005-10-06
"1680",2005-10-07
"1681",2005-10-10
"1682",2005-10-11
"1683",2005-10-12
"1684",2005-10-13
"1685",2005-10-14
"1686",2005-10-17
"1687",2005-10-18
"1688",2005-10-19
"1689",2005-10-20
"1690",2005-10-21
"1691",2005-10-24
"1692",2005-10-25
"1693",2005-10-26
"1694",2005-10-27
"1695",2005-10-28
"1696",2005-10-31
"1697",2005-11-01
"1698",2005-11-02
"1699",2005-11-03
"1700",2005-11-04
"1701",2005-11-07
"1702",2005-11-08
"1703",2005-11-09
"1704",2005-11-10
"1705",2005-11-11
"1706",2005-11-14
"1707",2005-11-15
"1708",2005-11-16
"1709",2005-11-17
"1710",2005-11-18
"1711",2005-11-21
"1712",2005-11-22
"1713",2005-11-23
"1714",2005-11-25
"1715",2005-11-28
"1716",2005-11-29
"1717",2005-11-30
"1718",2005-12-01
"1719",2005-12-02
"1720",2005-12-05
"1721",2005-12-06
"1722",2005-12-07
"1723",2005-12-08
"1724",2005-12-09
"1725",2005-12-12
"1726",2005-12-13
"1727",2005-12-14
"1728",2005-12-15
"1729",2005-12-16
"1730",2005-12-19
"1731",2005-12-20
"1732",2005-12-21
"1733",2005-12-22
"1734",2005-12-23
"1735",2005-12-27
"1736",2005-12-28
"1737",2005-12-29
"1738",2005-12-30
"1739",2006-01-03
"1740",2006-01-04
"1741",2006-01-05
"1742",2006-01-06
"1743",2006-01-09
"1744",2006-01-10
"1745",2006-01-11
"1746",2006-01-12
"1747",2006-01-13
"1748",2006-01-17
"1749",2006-01-18
"1750",2006-01-19
"1751",2006-01-20
"1752",2006-01-23
"1753",2006-01-24
"1754",2006-01-25
"1755",2006-01-26
"1756",2006-01-27
"1757",2006-01-30
"1758",2006-01-31
"1759",2006-02-01
"1760",2006-02-02
"1761",2006-02-03
"1762",2006-02-06
"1763",2006-02-07
"1764",2006-02-08
"1765",2006-02-09
"1766",2006-02-10
"1767",2006-02-13
"1768",2006-02-14
"1769",2006-02-15
"1770",2006-02-16
"1771",2006-02-17
"1772",2006-02-21
"1773",2006-02-22
"1774",2006-02-23
"1775",2006-02-24
"1776",2006-02-27
"1777",2006-02-28
"1778",2006-03-01
"1779",2006-03-02
"1780",2006-03-03
"1781",2006-03-06
"1782",2006-03-07
"1783",2006-03-08
"1784",2006-03-09
"1785",2006-03-10
"1786",2006-03-13
"1787",2006-03-14
"1788",2006-03-15
"1789",2006-03-16
"1790",2006-03-17
"1791",2006-03-20
"1792",2006-03-21
"1793",2006-03-22
"1794",2006-03-23
"1795",2006-03-24
"1796",2006-03-27
"1797",2006-03-28
"1798",2006-03-29
"1799",2006-03-30
"1800",2006-03-31
"1801",2006-04-03
"1802",2006-04-04
"1803",2006-04-05
"1804",2006-04-06
"1805",2006-04-07
"1806",2006-04-10
"1807",2006-04-11
"1808",2006-04-12
"1809",2006-04-13
"1810",2006-04-17
"1811",2006-04-18
"1812",2006-04-19
"1813",2006-04-20
"1814",2006-04-21
"1815",2006-04-24
"1816",2006-04-25
"1817",2006-04-26
"1818",2006-04-27
"1819",2006-04-28
"1820",2006-05-01
"1821",2006-05-02
"1822",2006-05-03
"1823",2006-05-04
"1824",2006-05-05
"1825",2006-05-08
"1826",2006-05-09
"1827",2006-05-10
"1828",2006-05-11
"1829",2006-05-12
"1830",2006-05-15
"1831",2006-05-16
"1832",2006-05-17
"1833",2006-05-18
"1834",2006-05-19
"1835",2006-05-22
"1836",2006-05-23
"1837",2006-05-24
"1838",2006-05-25
"1839",2006-05-26
"1840",2006-05-30
"1841",2006-05-31
"1842",2006-06-01
"1843",2006-06-02
"1844",2006-06-05
"1845",2006-06-06
"1846",2006-06-07
"1847",2006-06-08
"1848",2006-06-09
"1849",2006-06-12
"1850",2006-06-13
"1851",2006-06-14
"1852",2006-06-15
"1853",2006-06-16
"1854",2006-06-19
"1855",2006-06-20
"1856",2006-06-21
"1857",2006-06-22
"1858",2006-06-23
"1859",2006-06-26
"1860",2006-06-27
"1861",2006-06-28
"1862",2006-06-29
"1863",2006-06-30
"1864",2006-07-03
"1865",2006-07-05
"1866",2006-07-06
"1867",2006-07-07
"1868",2006-07-10
"1869",2006-07-11
"1870",2006-07-12
"1871",2006-07-13
"1872",2006-07-14
"1873",2006-07-17
"1874",2006-07-18
"1875",2006-07-19
"1876",2006-07-20
"1877",2006-07-21
"1878",2006-07-24
"1879",2006-07-25
"1880",2006-07-26
"1881",2006-07-27
"1882",2006-07-28
"1883",2006-07-31
"1884",2006-08-01
"1885",2006-08-02
"1886",2006-08-03
"1887",2006-08-04
"1888",2006-08-07
"1889",2006-08-08
"1890",2006-08-09
"1891",2006-08-10
"1892",2006-08-11
"1893",2006-08-14
"1894",2006-08-15
"1895",2006-08-16
"1896",2006-08-17
"1897",2006-08-18
"1898",2006-08-21
"1899",2006-08-22
"1900",2006-08-23
"1901",2006-08-24
"1902",2006-08-25
"1903",2006-08-28
"1904",2006-08-29
"1905",2006-08-30
"1906",2006-08-31
"1907",2006-09-01
"1908",2006-09-05
"1909",2006-09-06
"1910",2006-09-07
"1911",2006-09-08
"1912",2006-09-11
"1913",2006-09-12
"1914",2006-09-13
"1915",2006-09-14
"1916",2006-09-15
"1917",2006-09-18
"1918",2006-09-19
"1919",2006-09-20
"1920",2006-09-21
"1921",2006-09-22
"1922",2006-09-25
"1923",2006-09-26
"1924",2006-09-27
"1925",2006-09-28
"1926",2006-09-29
"1927",2006-10-02
"1928",2006-10-03
"1929",2006-10-04
"1930",2006-10-05
"1931",2006-10-06
"1932",2006-10-09
"1933",2006-10-10
"1934",2006-10-11
"1935",2006-10-12
"1936",2006-10-13
"1937",2006-10-16
"1938",2006-10-17
"1939",2006-10-18
"1940",2006-10-19
"1941",2006-10-20
"1942",2006-10-23
"1943",2006-10-24
"1944",2006-10-25
"1945",2006-10-26
"1946",2006-10-27
"1947",2006-10-30
"1948",2006-10-31
"1949",2006-11-01
"1950",2006-11-02
"1951",2006-11-03
"1952",2006-11-06
"1953",2006-11-07
"1954",2006-11-08
"1955",2006-11-09
"1956",2006-11-10
"1957",2006-11-13
"1958",2006-11-14
"1959",2006-11-15
"1960",2006-11-16
"1961",2006-11-17
"1962",2006-11-20
"1963",2006-11-21
"1964",2006-11-22
"1965",2006-11-24
"1966",2006-11-27
"1967",2006-11-28
"1968",2006-11-29
"1969",2006-11-30
"1970",2006-12-01
"1971",2006-12-04
"1972",2006-12-05
"1973",2006-12-06
"1974",2006-12-07
"1975",2006-12-08
"1976",2006-12-11
"1977",2006-12-12
"1978",2006-12-13
"1979",2006-12-14
"1980",2006-12-15
"1981",2006-12-18
"1982",2006-12-19
"1983",2006-12-20
"1984",2006-12-21
"1985",2006-12-22
"1986",2006-12-26
"1987",2006-12-27
"1988",2006-12-28
"1989",2006-12-29
"1990",2007-01-03
"1991",2007-01-04
"1992",2007-01-05
"1993",2007-01-08
"1994",2007-01-09
"1995",2007-01-10
"1996",2007-01-11
"1997",2007-01-12
"1998",2007-01-16
"1999",2007-01-17
"2000",2007-01-18
"2001",2007-01-19
"2002",2007-01-22
"2003",2007-01-23
"2004",2007-01-24
"2005",2007-01-25
"2006",2007-01-26
"2007",2007-01-29
"2008",2007-01-30
"2009",2007-01-31
"2010",2007-02-01
"2011",2007-02-02
"2012",2007-02-05
"2013",2007-02-06
"2014",2007-02-07
"2015",2007-02-08
"2016",2007-02-09
"2017",2007-02-12
"2018",2007-02-13
"2019",2007-02-14
"2020",2007-02-15
"2021",2007-02-16
"2022",2007-02-20
"2023",2007-02-21
"2024",2007-02-22
"2025",2007-02-23
"2026",2007-02-26
"2027",2007-02-27
"2028",2007-02-28
"2029",2007-03-01
"2030",2007-03-02
"2031",2007-03-05
"2032",2007-03-06
"2033",2007-03-07
"2034",2007-03-08
"2035",2007-03-09
"2036",2007-03-12
"2037",2007-03-13
"2038",2007-03-14
"2039",2007-03-15
"2040",2007-03-16
"2041",2007-03-19
"2042",2007-03-20
"2043",2007-03-21
"2044",2007-03-22
"2045",2007-03-23
"2046",2007-03-26
"2047",2007-03-27
"2048",2007-03-28
"2049",2007-03-29
"2050",2007-03-30
"2051",2007-04-02
"2052",2007-04-03
"2053",2007-04-04
"2054",2007-04-05
"2055",2007-04-09
"2056",2007-04-10
"2057",2007-04-11
"2058",2007-04-12
"2059",2007-04-13
"2060",2007-04-16
"2061",2007-04-17
"2062",2007-04-18
"2063",2007-04-19
"2064",2007-04-20
"2065",2007-04-23
"2066",2007-04-24
"2067",2007-04-25
"2068",2007-04-26
"2069",2007-04-27
"2070",2007-04-30
"2071",2007-05-01
"2072",2007-05-02
"2073",2007-05-03
"2074",2007-05-04
"2075",2007-05-07
"2076",2007-05-08
"2077",2007-05-09
"2078",2007-05-10
"2079",2007-05-11
"2080",2007-05-14
"2081",2007-05-15
"2082",2007-05-16
"2083",2007-05-17
"2084",2007-05-18
"2085",2007-05-21
"2086",2007-05-22
"2087",2007-05-23
"2088",2007-05-24
"2089",2007-05-25
"2090",2007-05-29
"2091",2007-05-30
"2092",2007-05-31
"2093",2007-06-01
"2094",2007-06-04
"2095",2007-06-05
"2096",2007-06-06
"2097",2007-06-07
"2098",2007-06-08
"2099",2007-06-11
"2100",2007-06-12
"2101",2007-06-13
"2102",2007-06-14
"2103",2007-06-15
"2104",2007-06-18
"2105",2007-06-19
"2106",2007-06-20
"2107",2007-06-21
"2108",2007-06-22
"2109",2007-06-25
"2110",2007-06-26
"2111",2007-06-27
"2112",2007-06-28
"2113",2007-06-29
"2114",2007-07-02
"2115",2007-07-03
"2116",2007-07-05
"2117",2007-07-06
"2118",2007-07-09
"2119",2007-07-10
"2120",2007-07-11
"2121",2007-07-12
"2122",2007-07-13
"2123",2007-07-16
"2124",2007-07-17
"2125",2007-07-18
"2126",2007-07-19
"2127",2007-07-20
"2128",2007-07-23
"2129",2007-07-24
"2130",2007-07-25
"2131",2007-07-26
"2132",2007-07-27
"2133",2007-07-30
"2134",2007-07-31
"2135",2007-08-01
"2136",2007-08-02
"2137",2007-08-03
"2138",2007-08-06
"2139",2007-08-07
"2140",2007-08-08
"2141",2007-08-09
"2142",2007-08-10
"2143",2007-08-13
"2144",2007-08-14
"2145",2007-08-15
"2146",2007-08-16
"2147",2007-08-17
"2148",2007-08-20
"2149",2007-08-21
"2150",2007-08-22
"2151",2007-08-23
"2152",2007-08-24
"2153",2007-08-27
"2154",2007-08-28
"2155",2007-08-29
"2156",2007-08-30
"2157",2007-08-31
"2158",2007-09-04
"2159",2007-09-05
"2160",2007-09-06
"2161",2007-09-07
"2162",2007-09-10
"2163",2007-09-11
"2164",2007-09-12
"2165",2007-09-13
"2166",2007-09-14
"2167",2007-09-17
"2168",2007-09-18
"2169",2007-09-19
"2170",2007-09-20
"2171",2007-09-21
"2172",2007-09-24
"2173",2007-09-25
"2174",2007-09-26
"2175",2007-09-27
"2176",2007-09-28
"2177",2007-10-01
"2178",2007-10-02
"2179",2007-10-03
"2180",2007-10-04
"2181",2007-10-05
"2182",2007-10-08
"2183",2007-10-09
"2184",2007-10-10
"2185",2007-10-11
"2186",2007-10-12
"2187",2007-10-15
"2188",2007-10-16
"2189",2007-10-17
"2190",2007-10-18
"2191",2007-10-19
"2192",2007-10-22
"2193",2007-10-23
"2194",2007-10-24
"2195",2007-10-25
"2196",2007-10-26
"2197",2007-10-29
"2198",2007-10-30
"2199",2007-10-31
"2200",2007-11-01
"2201",2007-11-02
"2202",2007-11-05
"2203",2007-11-06
"2204",2007-11-07
"2205",2007-11-08
"2206",2007-11-09
"2207",2007-11-12
"2208",2007-11-13
"2209",2007-11-14
"2210",2007-11-15
"2211",2007-11-16
"2212",2007-11-19
"2213",2007-11-20
"2214",2007-11-21
"2215",2007-11-23
"2216",2007-11-26
"2217",2007-11-27
"2218",2007-11-28
"2219",2007-11-29
"2220",2007-11-30
"2221",2007-12-03
"2222",2007-12-04
"2223",2007-12-05
"2224",2007-12-06
"2225",2007-12-07
"2226",2007-12-10
"2227",2007-12-11
"2228",2007-12-12
"2229",2007-12-13
"2230",2007-12-14
"2231",2007-12-17
"2232",2007-12-18
"2233",2007-12-19
"2234",2007-12-20
"2235",2007-12-21
"2236",2007-12-24
"2237",2007-12-26
"2238",2007-12-27
"2239",2007-12-28
"2240",2007-12-31
"2241",2008-01-02
"2242",2008-01-03
"2243",2008-01-04
"2244",2008-01-07
"2245",2008-01-08
"2246",2008-01-09
"2247",2008-01-10
"2248",2008-01-11
"2249",2008-01-14
"2250",2008-01-15
"2251",2008-01-16
"2252",2008-01-17
"2253",2008-01-18
"2254",2008-01-22
"2255",2008-01-23
"2256",2008-01-24
"2257",2008-01-25
"2258",2008-01-28
"2259",2008-01-29
"2260",2008-01-30
"2261",2008-01-31
"2262",2008-02-01
"2263",2008-02-04
"2264",2008-02-05
"2265",2008-02-06
"2266",2008-02-07
"2267",2008-02-08
"2268",2008-02-11
"2269",2008-02-12
"2270",2008-02-13
"2271",2008-02-14
"2272",2008-02-15
"2273",2008-02-19
"2274",2008-02-20
"2275",2008-02-21
"2276",2008-02-22
"2277",2008-02-25
"2278",2008-02-26
"2279",2008-02-27
"2280",2008-02-28
"2281",2008-02-29
"2282",2008-03-03
"2283",2008-03-04
"2284",2008-03-05
"2285",2008-03-06
"2286",2008-03-07
"2287",2008-03-10
"2288",2008-03-11
"2289",2008-03-12
"2290",2008-03-13
"2291",2008-03-14
"2292",2008-03-17
"2293",2008-03-18
"2294",2008-03-19
"2295",2008-03-20
"2296",2008-03-24
"2297",2008-03-25
"2298",2008-03-26
"2299",2008-03-27
"2300",2008-03-28
"2301",2008-03-31
"2302",2008-04-01
"2303",2008-04-02
"2304",2008-04-03
"2305",2008-04-04
"2306",2008-04-07
"2307",2008-04-08
"2308",2008-04-09
"2309",2008-04-10
"2310",2008-04-11
"2311",2008-04-14
"2312",2008-04-15
"2313",2008-04-16
"2314",2008-04-17
"2315",2008-04-18
"2316",2008-04-21
"2317",2008-04-22
"2318",2008-04-23
"2319",2008-04-24
"2320",2008-04-25
"2321",2008-04-28
"2322",2008-04-29
"2323",2008-04-30
"2324",2008-05-01
"2325",2008-05-02
"2326",2008-05-05
"2327",2008-05-06
"2328",2008-05-07
"2329",2008-05-08
"2330",2008-05-09
"2331",2008-05-12
"2332",2008-05-13
"2333",2008-05-14
"2334",2008-05-15
"2335",2008-05-16
"2336",2008-05-19
"2337",2008-05-20
"2338",2008-05-21
"2339",2008-05-22
"2340",2008-05-23
"2341",2008-05-27
"2342",2008-05-28
"2343",2008-05-29
"2344",2008-05-30
"2345",2008-06-02
"2346",2008-06-03
"2347",2008-06-04
"2348",2008-06-05
"2349",2008-06-06
"2350",2008-06-09
"2351",2008-06-10
"2352",2008-06-11
"2353",2008-06-12
"2354",2008-06-13
"2355",2008-06-16
"2356",2008-06-17
"2357",2008-06-18
"2358",2008-06-19
"2359",2008-06-20
"2360",2008-06-23
"2361",2008-06-24
"2362",2008-06-25
"2363",2008-06-26
"2364",2008-06-27
"2365",2008-06-30
"2366",2008-07-01
"2367",2008-07-02
"2368",2008-07-03
"2369",2008-07-07
"2370",2008-07-08
"2371",2008-07-09
"2372",2008-07-10
"2373",2008-07-11
"2374",2008-07-14
"2375",2008-07-15
"2376",2008-07-16
"2377",2008-07-17
"2378",2008-07-18
"2379",2008-07-21
"2380",2008-07-22
"2381",2008-07-23
"2382",2008-07-24
"2383",2008-07-25
"2384",2008-07-28
"2385",2008-07-29
"2386",2008-07-30
"2387",2008-07-31
"2388",2008-08-01
"2389",2008-08-04
"2390",2008-08-05
"2391",2008-08-06
"2392",2008-08-07
"2393",2008-08-08
"2394",2008-08-11
"2395",2008-08-12
"2396",2008-08-13
"2397",2008-08-14
"2398",2008-08-15
"2399",2008-08-18
"2400",2008-08-19
"2401",2008-08-20
"2402",2008-08-21
"2403",2008-08-22
"2404",2008-08-25
"2405",2008-08-26
"2406",2008-08-27
"2407",2008-08-28
"2408",2008-08-29
"2409",2008-09-02
"2410",2008-09-03
"2411",2008-09-04
"2412",2008-09-05
"2413",2008-09-08
"2414",2008-09-09
"2415",2008-09-10
"2416",2008-09-11
"2417",2008-09-12
"2418",2008-09-15
"2419",2008-09-16
"2420",2008-09-17
"2421",2008-09-18
"2422",2008-09-19
"2423",2008-09-22
"2424",2008-09-23
"2425",2008-09-24
"2426",2008-09-25
"2427",2008-09-26
"2428",2008-09-29
"2429",2008-09-30
"2430",2008-10-01
"2431",2008-10-02
"2432",2008-10-03
"2433",2008-10-06
"2434",2008-10-07
"2435",2008-10-08
"2436",2008-10-09
"2437",2008-10-10
"2438",2008-10-13
"2439",2008-10-14
"2440",2008-10-15
"2441",2008-10-16
"2442",2008-10-17
"2443",2008-10-20
"2444",2008-10-21
"2445",2008-10-22
"2446",2008-10-23
"2447",2008-10-24
"2448",2008-10-27
"2449",2008-10-28
"2450",2008-10-29
"2451",2008-10-30
"2452",2008-10-31
"2453",2008-11-03
"2454",2008-11-04
"2455",2008-11-05
"2456",2008-11-06
"2457",2008-11-07
"2458",2008-11-10
"2459",2008-11-11
"2460",2008-11-12
"2461",2008-11-13
"2462",2008-11-14
"2463",2008-11-17
"2464",2008-11-18
"2465",2008-11-19
"2466",2008-11-20
"2467",2008-11-21
"2468",2008-11-24
"2469",2008-11-25
"2470",2008-11-26
"2471",2008-11-28
"2472",2008-12-01
"2473",2008-12-02
"2474",2008-12-03
"2475",2008-12-04
"2476",2008-12-05
"2477",2008-12-08
"2478",2008-12-09
"2479",2008-12-10
"2480",2008-12-11
"2481",2008-12-12
"2482",2008-12-15
"2483",2008-12-16
"2484",2008-12-17
"2485",2008-12-18
"2486",2008-12-19
"2487",2008-12-22
"2488",2008-12-23
"2489",2008-12-24
"2490",2008-12-26
"2491",2008-12-29
"2492",2008-12-30
"2493",2008-12-31
"2494",2009-01-02
"2495",2009-01-05
"2496",2009-01-06
"2497",2009-01-07
"2498",2009-01-08
"2499",2009-01-09
"2500",2009-01-12
"2501",2009-01-13
"2502",2009-01-14
"2503",2009-01-15
"2504",2009-01-16
"2505",2009-01-20
"2506",2009-01-21
"2507",2009-01-22
"2508",2009-01-23
"2509",2009-01-26
"2510",2009-01-27
"2511",2009-01-28
"2512",2009-01-29
"2513",2009-01-30
"2514",2009-02-02
"2515",2009-02-03
"2516",2009-02-04
"2517",2009-02-05
"2518",2009-02-06
"2519",2009-02-09
"2520",2009-02-10
"2521",2009-02-11
"2522",2009-02-12
"2523",2009-02-13
"2524",2009-02-17
"2525",2009-02-18
"2526",2009-02-19
"2527",2009-02-20
"2528",2009-02-23
"2529",2009-02-24
"2530",2009-02-25
"2531",2009-02-26
"2532",2009-02-27
"2533",2009-03-02
"2534",2009-03-03
"2535",2009-03-04
"2536",2009-03-05
"2537",2009-03-06
"2538",2009-03-09
"2539",2009-03-10
"2540",2009-03-11
"2541",2009-03-12
"2542",2009-03-13
"2543",2009-03-16
"2544",2009-03-17
"2545",2009-03-18
"2546",2009-03-19
"2547",2009-03-20
"2548",2009-03-23
"2549",2009-03-24
"2550",2009-03-25
"2551",2009-03-26
"2552",2009-03-27
"2553",2009-03-30
"2554",2009-03-31
"2555",2009-04-01
"2556",2009-04-02
"2557",2009-04-03
"2558",2009-04-06
"2559",2009-04-07
"2560",2009-04-08
"2561",2009-04-09
"2562",2009-04-13
"2563",2009-04-14
"2564",2009-04-15
"2565",2009-04-16
"2566",2009-04-17
"2567",2009-04-20
"2568",2009-04-21
"2569",2009-04-22
"2570",2009-04-23
"2571",2009-04-24
"2572",2009-04-27
"2573",2009-04-28
"2574",2009-04-29
"2575",2009-04-30
"2576",2009-05-01
"2577",2009-05-04
"2578",2009-05-05
"2579",2009-05-06
"2580",2009-05-07
"2581",2009-05-08
"2582",2009-05-11
"2583",2009-05-12
"2584",2009-05-13
"2585",2009-05-14
"2586",2009-05-15
"2587",2009-05-18
"2588",2009-05-19
"2589",2009-05-20
"2590",2009-05-21
"2591",2009-05-22
"2592",2009-05-26
"2593",2009-05-27
"2594",2009-05-28
"2595",2009-05-29
"2596",2009-06-01
"2597",2009-06-02
"2598",2009-06-03
"2599",2009-06-04
"2600",2009-06-05
"2601",2009-06-08
"2602",2009-06-09
"2603",2009-06-10
"2604",2009-06-11
"2605",2009-06-12
"2606",2009-06-15
"2607",2009-06-16
"2608",2009-06-17
"2609",2009-06-18
"2610",2009-06-19
"2611",2009-06-22
"2612",2009-06-23
"2613",2009-06-24
"2614",2009-06-25
"2615",2009-06-26
"2616",2009-06-29
"2617",2009-06-30
"2618",2009-07-01
"2619",2009-07-02
"2620",2009-07-06
"2621",2009-07-07
"2622",2009-07-08
"2623",2009-07-09
"2624",2009-07-10
"2625",2009-07-13
"2626",2009-07-14
"2627",2009-07-15
"2628",2009-07-16
"2629",2009-07-17
"2630",2009-07-20
"2631",2009-07-21
"2632",2009-07-22
"2633",2009-07-23
"2634",2009-07-24
"2635",2009-07-27
"2636",2009-07-28
"2637",2009-07-29
"2638",2009-07-30
"2639",2009-07-31
"2640",2009-08-03
"2641",2009-08-04
"2642",2009-08-05
"2643",2009-08-06
"2644",2009-08-07
"2645",2009-08-10
"2646",2009-08-11
"2647",2009-08-12
"2648",2009-08-13
"2649",2009-08-14
"2650",2009-08-17
"2651",2009-08-18
"2652",2009-08-19
"2653",2009-08-20
"2654",2009-08-21
"2655",2009-08-24
"2656",2009-08-25
"2657",2009-08-26
"2658",2009-08-27
"2659",2009-08-28
"2660",2009-08-31
"2661",2009-09-01
"2662",2009-09-02
"2663",2009-09-03
"2664",2009-09-04
"2665",2009-09-08
"2666",2009-09-09
"2667",2009-09-10
"2668",2009-09-11
"2669",2009-09-14
"2670",2009-09-15
"2671",2009-09-16
"2672",2009-09-17
"2673",2009-09-18
"2674",2009-09-21
"2675",2009-09-22
"2676",2009-09-23
"2677",2009-09-24
"2678",2009-09-25
"2679",2009-09-28
"2680",2009-09-29
"2681",2009-09-30
"2682",2009-10-01
"2683",2009-10-02
"2684",2009-10-05
"2685",2009-10-06
"2686",2009-10-07
"2687",2009-10-08
"2688",2009-10-09
"2689",2009-10-12
"2690",2009-10-13
"2691",2009-10-14
"2692",2009-10-15
"2693",2009-10-16
"2694",2009-10-19
"2695",2009-10-20
"2696",2009-10-21
"2697",2009-10-22
"2698",2009-10-23
"2699",2009-10-26
"2700",2009-10-27
"2701",2009-10-28
"2702",2009-10-29
"2703",2009-10-30
"2704",2009-11-02
"2705",2009-11-03
"2706",2009-11-04
"2707",2009-11-05
"2708",2009-11-06
"2709",2009-11-09
"2710",2009-11-10
"2711",2009-11-11
"2712",2009-11-12
"2713",2009-11-13
"2714",2009-11-16
"2715",2009-11-17
"2716",2009-11-18
"2717",2009-11-19
"2718",2009-11-20
"2719",2009-11-23
"2720",2009-11-24
"2721",2009-11-25
"2722",2009-11-27
"2723",2009-11-30
"2724",2009-12-01
"2725",2009-12-02
"2726",2009-12-03
"2727",2009-12-04
"2728",2009-12-07
"2729",2009-12-08
"2730",2009-12-09
"2731",2009-12-10
"2732",2009-12-11
"2733",2009-12-14
"2734",2009-12-15
"2735",2009-12-16
"2736",2009-12-17
"2737",2009-12-18
"2738",2009-12-21
"2739",2009-12-22
"2740",2009-12-23
"2741",2009-12-24
"2742",2009-12-28
"2743",2009-12-29
"2744",2009-12-30
